jaccard value,jaccard count
0.025,2.0
0.07500000000000001,2.0
0.125,7.0
0.175,11.0
0.22499999999999998,19.0
0.27499999999999997,50.0
0.32499999999999996,74.0
0.37499999999999994,82.0
0.42499999999999993,152.0
0.4749999999999999,118.0
0.5249999999999999,214.0
0.575,185.0
0.625,220.0
0.675,205.0
0.7250000000000001,114.0
0.7750000000000001,34.0
0.8250000000000002,10.0
0.8750000000000002,1.0
0.9250000000000003,0.0
